Epoch,Learning Rate,Train Loss,Train Accuracy,Test Accuracy
1,0.01,2.2131,14.57,24.11
2,0.01,1.8386,27.86,38.36
3,0.01,1.5881,39.37,46.45
4,0.01,1.4021,47.8,53.54
5,0.01,1.2466,54.16,58.56
6,0.01,1.1392,58.94,62.83
7,0.01,1.0322,63.17,66.28
8,0.01,0.9591,65.92,68.14
9,0.01,0.9031,67.97,70.1
10,0.01,0.8524,70.16,68.42
11,0.01,0.7986,72.18,73.3
12,0.01,0.7697,73.14,71.05
13,0.01,0.7268,74.74,74.84
14,0.01,0.7062,75.52,75.55
15,0.01,0.6712,76.67,77.06
16,0.01,0.6461,77.78,76.71
17,0.01,0.6299,78.29,77.6
18,0.01,0.6088,79.01,78.81
19,0.01,0.5901,79.6,78.66
20,0.01,0.5707,80.12,78.7
21,0.01,0.5583,80.78,78.82
22,0.01,0.5401,81.31,79.96
23,0.01,0.5234,82.1,80.36
24,0.01,0.5094,82.45,79.88
25,0.01,0.4976,82.85,79.97
26,0.01,0.4977,82.77,80.14
27,0.01,0.4759,83.63,80.02
28,0.01,0.4719,83.52,79.32
29,0.01,0.46,84.29,82.04
30,0.01,0.4494,84.39,81.22
31,0.01,0.4389,84.86,79.68
32,0.01,0.4295,85.07,81.82
33,0.01,0.4291,85.16,81.71
34,0.01,0.4153,85.5,81.91
35,0.01,0.4019,86.22,81.62
36,0.01,0.3933,86.34,82.59
37,0.01,0.3899,86.46,82.15
38,0.01,0.3847,86.63,82.08
39,0.01,0.373,87.02,82.11
40,0.01,0.3724,87.19,82.55
41,0.01,0.3602,87.44,82.53
42,0.01,0.3653,87.38,82.44
43,0.01,0.3553,87.67,82.64
44,0.01,0.3432,88.15,81.29
45,0.01,0.3452,87.96,81.45
46,0.01,0.3383,88.29,82.4
47,0.01,0.335,88.37,81.11
48,0.01,0.3232,88.75,82.59
49,0.01,0.319,88.91,82.57
50,0.01,0.3185,88.81,81.54
51,0.01,0.3124,89.05,82.87
52,0.01,0.312,89.18,82.36
53,0.01,0.3038,89.37,82.18
54,0.01,0.2969,89.58,82.41
55,0.01,0.3008,89.51,82.89
56,0.01,0.2931,89.73,82.42
57,0.01,0.286,90.02,82.4
58,0.01,0.2857,89.98,83.23
59,0.01,0.2777,90.42,82.74
60,0.01,0.2809,90.17,82.25
61,0.01,0.2736,90.42,82.87
62,0.01,0.2719,90.56,83.45
63,0.01,0.2716,90.6,82.84
64,0.01,0.2679,90.62,81.72
65,0.01,0.2665,90.72,83.42
66,0.01,0.2507,91.35,83.28
67,0.01,0.2562,91.09,82.11
68,0.01,0.255,91.06,82.98
69,0.01,0.2495,91.2,82.05
70,0.01,0.2444,91.41,83.47
71,0.01,0.2432,91.39,83.17
72,0.01,0.2425,91.48,82.94
73,0.01,0.2427,91.47,82.68
74,0.01,0.238,91.71,82.41
75,0.01,0.2341,91.79,82.93
76,0.01,0.2321,91.83,82.31
77,0.01,0.2304,92.02,83.03
78,0.01,0.228,91.99,83.56
79,0.01,0.2227,92.18,82.96
80,0.01,0.2204,92.22,82.6
81,0.001,0.1395,95.35,84.98
82,0.001,0.1142,96.08,84.91
83,0.001,0.1032,96.5,85.13
84,0.001,0.1012,96.59,85.13
85,0.001,0.0943,96.83,85.19
86,0.001,0.0889,96.99,85.18
87,0.001,0.0856,97.12,85.22
88,0.001,0.0842,97.14,85.29
89,0.001,0.0813,97.28,85.24
90,0.001,0.0784,97.31,85.41
91,0.001,0.0781,97.26,85.37
92,0.001,0.0754,97.53,85.36
93,0.001,0.0729,97.52,85.36
94,0.001,0.0688,97.72,85.22
95,0.001,0.0694,97.78,85.28
96,0.001,0.0677,97.74,85.18
97,0.001,0.064,97.83,85.41
98,0.001,0.0645,97.81,85.16
99,0.001,0.0644,97.83,85.39
100,0.001,0.0634,97.84,85.53
101,0.001,0.0635,97.85,85.22
102,0.001,0.0603,97.98,85.06
103,0.001,0.0588,98.04,85.4
104,0.001,0.0552,98.15,85.39
105,0.001,0.0548,98.2,85.44
106,0.001,0.0524,98.31,85.37
107,0.001,0.0559,98.13,85.45
108,0.001,0.0545,98.18,85.36
109,0.001,0.0531,98.24,85.65
110,0.001,0.0521,98.22,85.53
111,0.001,0.0514,98.34,85.4
112,0.001,0.0487,98.35,85.39
113,0.001,0.0506,98.35,85.38
114,0.001,0.05,98.27,85.68
115,0.001,0.0488,98.33,85.57
116,0.001,0.049,98.33,85.51
117,0.001,0.0484,98.32,85.4
118,0.001,0.0469,98.44,85.44
119,0.001,0.047,98.38,85.42
120,0.001,0.0464,98.46,85.46
121,0.001,0.0449,98.48,85.46
122,0.001,0.0453,98.51,85.51
123,0.001,0.0441,98.54,85.67
124,0.001,0.0425,98.64,85.54
125,0.001,0.0435,98.61,85.76
126,0.001,0.0424,98.6,85.45
127,0.001,0.0406,98.69,85.36
128,0.001,0.0416,98.66,85.38
129,0.001,0.0411,98.71,85.5
130,0.001,0.0411,98.61,85.58
131,0.001,0.0417,98.68,85.48
132,0.001,0.0399,98.7,85.36
133,0.001,0.0388,98.72,85.48
134,0.001,0.0384,98.73,85.3
135,0.001,0.0398,98.65,85.49
136,0.001,0.0381,98.77,85.43
137,0.001,0.0375,98.83,85.53
138,0.001,0.0397,98.67,85.41
139,0.001,0.0366,98.85,85.26
140,0.001,0.0356,98.89,85.4
141,0.0001,0.033,98.98,85.51
142,0.0001,0.0326,99.0,85.56
143,0.0001,0.032,99.04,85.52
144,0.0001,0.0313,99.04,85.52
145,0.0001,0.0308,99.06,85.55
146,0.0001,0.0307,99.03,85.6
147,0.0001,0.0295,99.11,85.6
148,0.0001,0.0303,99.07,85.56
149,0.0001,0.0293,99.15,85.56
150,0.0001,0.0288,99.13,85.57
151,0.0001,0.0298,99.1,85.45
152,0.0001,0.0283,99.11,85.56
153,0.0001,0.0292,99.13,85.6
154,0.0001,0.0296,99.1,85.62
155,0.0001,0.0282,99.16,85.58
156,0.0001,0.0301,99.08,85.63
157,0.0001,0.0279,99.17,85.57
158,0.0001,0.0293,99.11,85.53
159,0.0001,0.0295,99.09,85.53
160,0.0001,0.0284,99.16,85.55
161,0.0001,0.0284,99.14,85.59
162,0.0001,0.0286,99.11,85.66
163,0.0001,0.0284,99.16,85.46
164,0.0001,0.0277,99.15,85.58
165,0.0001,0.0285,99.18,85.52
166,0.0001,0.0275,99.22,85.62
167,0.0001,0.0277,99.15,85.56
168,0.0001,0.029,99.11,85.59
169,0.0001,0.0283,99.09,85.63
170,0.0001,0.0269,99.2,85.57
171,0.0001,0.0279,99.14,85.61
172,0.0001,0.0267,99.2,85.58
173,0.0001,0.028,99.18,85.62
174,0.0001,0.0278,99.14,85.6
175,0.0001,0.028,99.15,85.61
176,0.0001,0.0284,99.12,85.73
177,0.0001,0.0276,99.17,85.63
178,0.0001,0.0282,99.12,85.56
179,0.0001,0.0287,99.16,85.67
180,0.0001,0.0277,99.18,85.59
181,1e-05,0.0265,99.24,85.62
182,1e-05,0.0262,99.2,85.59
183,1e-05,0.0275,99.2,85.59
184,1e-05,0.0275,99.19,85.61
185,1e-05,0.0257,99.22,85.6
186,1e-05,0.0283,99.1,85.56
187,1e-05,0.0264,99.23,85.56
188,1e-05,0.0265,99.19,85.57
189,1e-05,0.0276,99.16,85.55
190,1e-05,0.0269,99.22,85.57
191,1e-05,0.0257,99.26,85.57
192,1e-05,0.0275,99.16,85.57
193,1e-05,0.0277,99.13,85.56
194,1e-05,0.0272,99.18,85.58
195,1e-05,0.0263,99.23,85.55
196,1e-05,0.0264,99.19,85.57
197,1e-05,0.0262,99.2,85.61
198,1e-05,0.0265,99.22,85.55
199,1e-05,0.0266,99.22,85.59
200,1e-05,0.0263,99.23,85.57
